source_record_id,scientific_name,common_name,normalized_scientific,normalized_common
"openfarm:quercus-durata-gabrielensis:leather-oak:74817","Quercus durata var. gabrielensis","leather oak","quercus durata","leather oak"
"openfarm:melanthera-biflora:sea-daisy:56712","Melanthera biflora","Sea daisy","melanthera biflora","sea daisy"
"openfarm:sparganium-fluctuans:water-burreed:84306","Sparganium fluctuans","Water burreed","sparganium fluctuans","water burreed"
"openfarm:sambucus-racemosa:red-berried-elder-european-red-elder-sabugueiro-vermelho-europa:79483","Sambucus racemosa","red-berried elder, European red elder, sabugueiro vermelho da Europa","sambucus racemosa","red berried elder european red elder sabugueiro vermelho europa"
"openfarm:moraea-debilis:unknown:58899","Moraea debilis","","moraea debilis",""
"openfarm:chloris:unknown:19573","Chloris sp.","","chloris",""
"openfarm:isolepis-verrucosula:unknown:48336","Isolepis verrucosula","","isolepis verrucosula",""
"openfarm:rhynchosia-adenodes:unknown:76542","Rhynchosia adenodes","","rhynchosia adenodes",""
"openfarm:astragalus:milk-vetch:9667","Astragalus","milk vetch","astragalus","milk vetch"
"openfarm:asarum-caudatum-caudatum:british-columbia-wildginger:8602","Asarum caudatum var. caudatum","British Columbia wildginger","asarum caudatum","british columbia wildginger"
"openfarm:kotschya-thymodora-thymodora:unknown:49830","Kotschya thymodora ssp. thymodora","","kotschya thymodora",""
"openfarm:sechium-edule:machuchu-machiche-xuxu-chuchu-chocho-mirliton-christophine-gayota-cidrayota-cucuzza-spinusa:81338","Sechium edule","machuchu (Brazil), machiche, xuxu, chuchu, chocho, mirliton, christophine, gayota, cidrayota, cucuzza spinusa","sechium edule","machuchu machiche xuxu chuchu chocho mirliton christophine gayota cidrayota cucuzza spinusa"
"openfarm:pteris-friesii:unknown:74001","Pteris friesii","","pteris friesii",""
"openfarm:limonium-linifolium-linifolium:unknown:52762","Limonium linifolium var. linifolium","","limonium linifolium",""
"openfarm:pinnularia-braunii:unknown:69381","Pinnularia braunii","","pinnularia braunii",""
"openfarm:barbula-imshaugii:unknown:11398","Barbula imshaugii","","barbula imshaugii",""
"openfarm:vanclevea-stylosa:pillar-false-gumweed:92890","Vanclevea stylosa","pillar false gumweed","vanclevea stylosa","pillar false gumweed"
"openfarm:ranunculus-hispidus-hispidus:bristly-buttercup:75347","Ranunculus hispidus var. hispidus","bristly buttercup","ranunculus hispidus","bristly buttercup"
"openfarm:cephalophyllum-serrulatum:unknown:17955","Cephalophyllum serrulatum","","cephalophyllum serrulatum",""
"openfarm:phylica-purpurea-floccosa:unknown:68619","Phylica purpurea var. floccosa","","phylica purpurea",""
"openfarm:lotus-scoparius-brevialatus:western-bird-foot-trefoil:54310","Lotus scoparius var. brevialatus","western bird's-foot trefoil","lotus scoparius","western bird foot trefoil"
"openfarm:envy:unknown:32917","Envy (apple)","","envy",""
"openfarm:barbarea-verna:upland-cress-american-cress-land-cress-early-winter-cress-poor-man-cabbage-belle-isle-cress:11358","Barbarea verna","upland cress, American cress, land cress, early winter cress, poor man's cabbage, Belle-Isle cress","barbarea verna","upland cress american cress land cress early winter cress poor man cabbage belle isle cress"
"openfarm:hesperolinon-micranthum:smallflower-dwarf-flax:44983","Hesperolinon micranthum","smallflower dwarf-flax","hesperolinon micranthum","smallflower dwarf flax"
"openfarm:closterium-aciculare-aciculare:unknown:21510","Closterium aciculare var. aciculare","","closterium aciculare",""
"openfarm:acacia-rynchocarpa:unknown:897","Acacia rynchocarpa","","acacia rynchocarpa",""
"openfarm:crassula-obtusa:unknown:24490","Crassula obtusa","","crassula obtusa",""
"openfarm:erica-leptopus-piquetbergensis:unknown:34055","Erica leptopus var. piquetbergensis","","erica leptopus",""
"openfarm:care-scopulorum:holm-rocky-mountain-sedge-mountain-sedge:16458","Carex scopulorum","Holm's Rocky Mountain sedge, mountain sedge","care scopulorum","holm rocky mountain sedge mountain sedge"
"openfarm:entada-gigas:unknown:32853","Entada gigas","","entada gigas",""
"openfarm:acacia-anceps:unknown:231","Acacia anceps","","acacia anceps",""
"openfarm:symphyotrichum-hallii:hall-aster:87607","Symphyotrichum hallii","Hall's aster","symphyotrichum hallii","hall aster"
"openfarm:thysanocarpus-conchuliferus:santa-cruz-island-fringepod-santa-cruz-island-lacepod:90014","Thysanocarpus conchuliferus","Santa Cruz Island fringepod, Santa Cruz Island lacepod","thysanocarpus conchuliferus","santa cruz island fringepod santa cruz island lacepod"
"openfarm:oplismenus:unknown:62898","Oplismenus sp.","","oplismenus",""
"openfarm:salvia-officinalis:sage-common-sage-sauge-salbei-salvia-salvia-salvia-salvia-mariyamiya-salie:79380","Salvia officinalis","sage, common sage, sauge, Salbei, salvia, salvia, salvia, salvia, mariyamiya, salie","salvia officinalis","sage sage sauge salbei salvia salvia salvia salvia mariyamiya salie"
"openfarm:tetramolopium-conyzoides:smallhead-tetramolopium:88977","Tetramolopium conyzoides","smallhead tetramolopium","tetramolopium conyzoides","smallhead tetramolopium"
"openfarm:ophiocytium-cochleare:unknown:62820","Ophiocytium cochleare","","ophiocytium cochleare",""
"openfarm:rayjacksonia-phyllocephala:camphor-daisy:75587","Rayjacksonia phyllocephala","camphor daisy","rayjacksonia phyllocephala","camphor daisy"
"openfarm:galaxia-fugacissima:unknown:39733","Galaxia fugacissima","","galaxia fugacissima",""
"openfarm:dysoxylum-altissimum:unknown:31669","Dysoxylum altissimum","","dysoxylum altissimum",""
"openfarm:guadua-paniculata:unknown:42395","Guadua paniculata","","guadua paniculata",""
"openfarm:prunus-serotina:wild-black-cherry-rum-cherry-black-cherry-cerisier-noir-cereja-preta:73334","Prunus serotina","wild black cherry, rum-cherry, black cherry, cerisier noir, cereja preta","prunus serotina","black cherry rum cherry black cherry cerisier noir cereja preta"
"openfarm:hordeum-vulgare-trifurcatum:unknown:46013","Hordeum vulgare var. trifurcatum","","hordeum vulgare",""
"openfarm:pleioblastus-spp:unknown:70561","Pleioblastus spp.","","pleioblastus spp",""
"openfarm:trachyandra-aridimontana:unknown:90487","Trachyandra aridimontana","","trachyandra aridimontana",""
"openfarm:artemisia-dracunculoides:russian-tarragon-estragao-russia:8281","Artemisia dracunculoides","Russian tarragon, estragao da Russia","artemisia dracunculoides","russian tarragon estragao russia"
"openfarm:pseuderanthemum-subviscosum:unknown:73447","Pseuderanthemum subviscosum","","pseuderanthemum subviscosum",""
"openfarm:penstemon-heterodoxus-cephalophorus:sierra-beardtongue:66618","Penstemon heterodoxus var. cephalophorus","Sierra beardtongue","penstemon heterodoxus","sierra beardtongue"
"openfarm:scenedesmus-armatus-bicaudatus:unknown:80274","Scenedesmus armatus var. bicaudatus","","scenedesmus armatus",""
"openfarm:acacia-laccata:unknown:605","Acacia laccata","","acacia laccata",""
"openfarm:mentzelia-asperula:organ-mountain-blazingstar-mountain-stickleaf:57154","Mentzelia asperula","Organ Mountain blazingstar, mountain stickleaf","mentzelia asperula","organ mountain blazingstar mountain stickleaf"
"openfarm:phacelia-tanacetifolia:tansy-leaf-tansy-phacelia-blue-bell:67759","Phacelia tanacetifolia","tansy leaf, tansy phacelia, blue bell","phacelia tanacetifolia","tansy leaf tansy phacelia blue bell"
"openfarm:fragilaria-construens-minuta:unknown:39236","Fragilaria construens var. minuta","","fragilaria construens",""
"openfarm:spatalla-squamata:unknown:84354","Spatalla squamata","","spatalla squamata",""
"openfarm:euastrum-validum-glabrum:unknown:36334","Euastrum validum var. glabrum","","euastrum validum",""
"openfarm:staurastrum-trifidum-inflexum:unknown:85826","Staurastrum trifidum var. inflexum","","staurastrum trifidum",""
"openfarm:rhizomnium-magnifolium:grandleaf-rhizomnium-moss:76039","Rhizomnium magnifolium","grandleaf rhizomnium moss","rhizomnium magnifolium","grandleaf rhizomnium moss"
"openfarm:cinnamomum-aromatica:unknown:20334","Cinnamomum aromatica","","cinnamomum aromatica",""
"openfarm:cistus-tauricus:unknown:20641","Cistus tauricus","","cistus tauricus",""
"openfarm:bauhinia-petersiana-macrantha:unknown:11610","Bauhinia petersiana ssp. macrantha","","bauhinia petersiana",""
"openfarm:crataegus-pennsylvanica:pennsylvania-hawthorn:24728","Crataegus pennsylvanica","Pennsylvania hawthorn","crataegus pennsylvanica","pennsylvania hawthorn"
"openfarm:gypsophila-oldhamiana:oldham-babysbreath:42714","Gypsophila oldhamiana","Oldham's babysbreath","gypsophila oldhamiana","oldham babysbreath"
"openfarm:zapoteca-formosa:unknown:95472","Zapoteca formosa","","zapoteca formosa",""
"openfarm:facelis-retusa:annual-trampweed:37901","Facelis retusa","annual trampweed","facelis retusa","annual trampweed"
"openfarm:aspalathus-perforata:unknown:9061","Aspalathus perforata","","aspalathus perforata",""
"openfarm:sali-prolixa:mackenzie-willow:79074","Salix prolixa","MacKenzie's willow","sali prolixa","mackenzie willow"
"openfarm:poa-alpina-alpina:alpine-bluegrass:70820","Poa alpina ssp. alpina","alpine bluegrass","poa alpina","alpine bluegrass"
"openfarm:baeckea:unknown:11148","Baeckea sp.","","baeckea",""
"openfarm:isachne-myosotis:unknown:48106","Isachne myosotis","","isachne myosotis",""
"openfarm:glossochilus-burchellii:unknown:41337","Glossochilus burchellii","","glossochilus burchellii",""
"openfarm:gaultheria-antipoda:unknown:40211","Gaultheria antipoda","","gaultheria antipoda",""
"openfarm:euryops-trilobus:unknown:37749","Euryops trilobus","","euryops trilobus",""
"openfarm:leucospermum-cordifolium:unknown:52174","Leucospermum cordifolium","","leucospermum cordifolium",""
"openfarm:cussonia-sphaerocephala:boskiepersol:26036","Cussonia sphaerocephala","boskiepersol","cussonia sphaerocephala","boskiepersol"
"openfarm:mystropetalon-thomii:unknown:59941","Mystropetalon thomii","","mystropetalon thomii",""
"openfarm:sphalmanthus-micans:unknown:84740","Sphalmanthus micans","","sphalmanthus micans",""
"openfarm:philadelphus-microphyllus-microphyllus:littleleaf-mockorange:68078","Philadelphus microphyllus var. microphyllus","littleleaf mockorange","philadelphus microphyllus","littleleaf mockorange"
"openfarm:rhynchospora-corymbosa:unknown:76668","Rhynchospora corymbosa","","rhynchospora corymbosa",""
"openfarm:indigofera-incana:unknown:47475","Indigofera incana","","indigofera incana",""
"openfarm:sargassum-coriifolium:unknown:79744","Sargassum coriifolium","","sargassum coriifolium",""
"openfarm:pinus-bungeana:lacebark-pine-pin-napoleon-pinheiro-napoleao:69496","Pinus bungeana","lacebark pine, pin Napoleon, pinheiro Napoleao","pinus bungeana","lacebark pine pin napoleon pinheiro napoleao"
"openfarm:opuntia-stricta-stricta:unknown:63067","Opuntia stricta var. stricta","","opuntia stricta",""
"openfarm:cephaloziella-hyalina:unknown:18014","Cephaloziella hyalina","","cephaloziella hyalina",""
"openfarm:lasiocereus-spp:unknown:50773","Lasiocereus spp.","","lasiocereus spp",""
"openfarm:ipomoea-batatas:sweet-potato:47739","Ipomoea batatas","sweet potato","ipomoea batatas","sweet potato"
"openfarm:gilia-capitata:bluehead-gilia:40864","Gilia capitata","bluehead gilia","gilia capitata","bluehead gilia"
"openfarm:plectranthus-hilliardiae:unknown:70503","Plectranthus hilliardiae","","plectranthus hilliardiae",""
"openfarm:scorzonera-schweinfurthii:unknown:81086","Scorzonera schweinfurthii","","scorzonera schweinfurthii",""
"openfarm:merxmuellera-dura:unknown:57392","Merxmuellera dura","","merxmuellera dura",""
"openfarm:papaver-nudicaule-americanum:icelandic-poppy-islandmohn-pulchinella-improved-orange:65011","Papaver nudicaule ssp. americanum","Icelandic poppy, Islandmohn, Pulchinella, Improved Orange","papaver nudicaule","icelandic poppy islandmohn pulchinella improved orange"
"openfarm:agapanthus-comptonii-longitubus:unknown:2550","Agapanthus comptonii ssp. longitubus","","agapanthus comptonii",""
"openfarm:anthurium-formosum:unknown:6585","Anthurium formosum","","anthurium formosum",""
"openfarm:surirella-fastuosa-cuneata:unknown:87297","Surirella fastuosa var. cuneata","","surirella fastuosa",""
"openfarm:trachymene:unknown:90552","Trachymene","","trachymene",""
"openfarm:acacia-hilliana:unknown:547","Acacia hilliana","","acacia hilliana",""
"openfarm:calamintha-sylvatica:woodland-calamint-common-calamint-calaminta-neveda-maior:14514","Calamintha sylvatica","woodland calamint, common calamint, calaminta, neveda maior","calamintha sylvatica","woodland calamint calamint calaminta neveda maior"
"openfarm:tetradesmus-wisconsinensis:unknown:88804","Tetradesmus wisconsinensis","","tetradesmus wisconsinensis",""
"openfarm:nama-carmosum:unknown:59979","Nama carmosum","","nama carmosum",""
"openfarm:dipcadi:unknown:30124","Dipcadi sp.","","dipcadi",""
"openfarm:oxytropis-besseyi-besseyi:bessey-locoweed:64317","Oxytropis besseyi var. besseyi","Bessey's locoweed","oxytropis besseyi","bessey locoweed"
"openfarm:gonyaula-diacantha:unknown:41911","Gonyaulax diacantha","","gonyaula diacantha",""
"openfarm:pteryxia-hendersonii:henderson-desertparsley-henderson-wavewing-henderson-desertparsley-henderson-springparsley:74236","Pteryxia hendersonii","Henderson desertparsley, Henderson's wavewing, Henderson's desertparsley, Henderson's springparsley","pteryxia hendersonii","henderson desertparsley henderson wavewing henderson desertparsley henderson springparsley"
"openfarm:ludwigia-peruviana:unknown:54396","Ludwigia peruviana","","ludwigia peruviana",""
"openfarm:mallomonas-pseudocoronata:unknown:55709","Mallomonas pseudocoronata","","mallomonas pseudocoronata",""
"openfarm:frangula-sphaerosperma:west-indian-buckthorn:39321","Frangula sphaerosperma","West Indian buckthorn","frangula sphaerosperma","west indian buckthorn"
"openfarm:castilleja-ornata:glowing-indian-paintbrush:17205","Castilleja ornata","glowing Indian paintbrush","castilleja ornata","glowing indian paintbrush"
"openfarm:spirodela-intermedia:unknown:84974","Spirodela intermedia","","spirodela intermedia",""
"openfarm:lampranthus-salicolus:unknown:50504","Lampranthus salicolus","","lampranthus salicolus",""
"openfarm:nemacaulis-denudata-denudata:cottonheads:60784","Nemacaulis denudata var. denudata","cottonheads","nemacaulis denudata","cottonheads"
"openfarm:eunotia-trinacrina-trinarcina:unknown:36972","Eunotia trinacrina var. trinarcina","","eunotia trinacrina",""
"openfarm:navicula-menisculus-obtusa:unknown:60486","Navicula menisculus var. obtusa","","navicula menisculus",""
"openfarm:allium-lusitanicum:unknown:3839","Allium lusitanicum","","allium lusitanicum",""
"openfarm:salacia-dentata:unknown:78884","Salacia dentata","","salacia dentata",""
"openfarm:chamaerops:unknown:18787","Chamaerops","","chamaerops",""
"openfarm:lactuca-dissecta:unknown:50130","Lactuca dissecta","","lactuca dissecta",""
"openfarm:schoenocaulon-dubium:florida-feathershank:80630","Schoenocaulon dubium","Florida feathershank","schoenocaulon dubium","florida feathershank"
"openfarm:eragrostis-nindensis:unknown:33344","Eragrostis nindensis","","eragrostis nindensis",""
"openfarm:kiwifruit:unknown:49609","Kiwifruit (Actinida spp.; Actinidiaceae)","","kiwifruit",""
"openfarm:care-baileyi:bailey-sedge:15973","Carex baileyi","Bailey's sedge","care baileyi","bailey sedge"
"openfarm:platycaulos-depauperatus:unknown:70403","Platycaulos depauperatus","","platycaulos depauperatus",""
"openfarm:petradoria-pumila:grassy-rockgoldenrod-rock-goldenrod:67417","Petradoria pumila","grassy rockgoldenrod, rock goldenrod","petradoria pumila","grassy rockgoldenrod rock goldenrod"
"openfarm:haworthia-reinwardtii:unknown:43399","Haworthia reinwardtii","","haworthia reinwardtii",""
"openfarm:notholaena-copelandii:copeland-cloak-fern:61755","Notholaena copelandii","Copeland's cloak fern","notholaena copelandii","copeland cloak fern"
"openfarm:corallocarpus-welwitschii:unknown:23065","Corallocarpus welwitschii","","corallocarpus welwitschii",""
"openfarm:grimmia-hartmanii-hartmanii:unknown:42245","Grimmia hartmanii var. hartmanii","","grimmia hartmanii",""
"openfarm:rudbeckia-triloba:three-leaved-coneflower:78042","Rudbeckia triloba","Three-leaved Coneflower","rudbeckia triloba","three leaved coneflower"
"openfarm:hedysarum-boreale-mackenzei:unknown:43636","Hedysarum boreale var. mackenzei","","hedysarum boreale",""
"openfarm:laminaria-solidungula:unknown:50298","Laminaria solidungula","","laminaria solidungula",""
"openfarm:amphisolenia-thrinax:unknown:5381","Amphisolenia thrinax","","amphisolenia thrinax",""
"openfarm:gyrocarpus-americanus:propeller-tree-shitwood-girocarpo-pukovili:42733","Gyrocarpus americanus","propeller tree, shitwood, girocarpo, pukovili","gyrocarpus americanus","propeller shitwood girocarpo pukovili"
"openfarm:osmanthus-heterophyllus:holly-olive-false-holly-chinese-olive-holly-osmanthus:63590","Osmanthus heterophyllus","holly olive, false holly, Chinese olive, holly osmanthus","osmanthus heterophyllus","holly olive false holly chinese olive holly osmanthus"
"openfarm:arnica-lessingii:nodding-arnica:8164","Arnica lessingii","nodding arnica","arnica lessingii","nodding arnica"
"openfarm:pinnularia-microstauron-biundulata:unknown:69429","Pinnularia microstauron var. biundulata","","pinnularia microstauron",""
"openfarm:arnica-longifolia:spearleaf-arnica-longleaf-arnica:8168","Arnica longifolia","spearleaf arnica, longleaf arnica","arnica longifolia","spearleaf arnica longleaf arnica"
"openfarm:euastrum-crassicolle:unknown:36207","Euastrum crassicolle","","euastrum crassicolle",""
"openfarm:avicennia-africana:mangrove:10848","Avicennia africana","mangrove","avicennia africana","mangrove"
"openfarm:ayenia-euphrasiifolia:eyebright-ayenia:10898","Ayenia euphrasiifolia","eyebright ayenia","ayenia euphrasiifolia","eyebright ayenia"
"openfarm:ranunculus-adoneus:alpine-buttercup-ranunculo-dos-alpes:75265","Ranunculus adoneus","alpine buttercup, ranunculo dos Alpes","ranunculus adoneus","alpine buttercup ranunculo dos alpes"
"openfarm:ischaemum-muticum:unknown:48135","Ischaemum muticum","","ischaemum muticum",""
"openfarm:eriogonum-batemannii:unknown:35011","Eriogonum batemannii","","eriogonum batemannii",""
"openfarm:festuca-hawaiiensis:hawai-fescue:38322","Festuca hawaiiensis","Hawai'i fescue","festuca hawaiiensis","hawai fescue"
"openfarm:clematis-occidentalis-occidentalis:western-blue-virginsbower:21066","Clematis occidentalis var. occidentalis","western blue virginsbower","clematis occidentalis","western blue virginsbower"
"openfarm:acmadenia-tetragona:unknown:1685","Acmadenia tetragona","","acmadenia tetragona",""
"openfarm:fritillaria-striata:striped-abobe-lily:39481","Fritillaria striata","striped abobe lily","fritillaria striata","striped abobe lily"
"openfarm:polygonum-tinctorium:dyers-knotweed:71818","Polygonum tinctorium","dyers knotweed","polygonum tinctorium","dyers knotweed"
"openfarm:boscia-filipes:unknown:12663","Boscia filipes","","boscia filipes",""
"openfarm:rubus-ulmifolius-ulmifolius:elmleaf-blackberry:77942","Rubus ulmifolius var. ulmifolius","elmleaf blackberry","rubus ulmifolius","elmleaf blackberry"
"openfarm:zyrphelis-lasiocarpa:unknown:95825","Zyrphelis lasiocarpa","","zyrphelis lasiocarpa",""
"openfarm:cerastium-fontanum-vulgare:big-chickweed-common-mouse-ear-chickweed:18090","Cerastium fontanum ssp. vulgare","big chickweed, common mouse-ear chickweed","cerastium fontanum","big chickweed mouse ear chickweed"
"openfarm:mallomonas-acaroides:unknown:55672","Mallomonas acaroides","","mallomonas acaroides",""
"openfarm:sambucus-glauca:blue-elder-blueberry-elder-sabugueiro-azul:79472","Sambucus glauca","blue elder, blueberry elder, sabugueiro azul","sambucus glauca","blue elder blueberry elder sabugueiro azul"
"openfarm:euastrum-sinuosum-reductum:unknown:36319","Euastrum sinuosum var. reductum","","euastrum sinuosum",""
"openfarm:quercus-pseudomargarettiae:unknown:75060","Quercus X pseudomargarettiae","","quercus pseudomargarettiae",""
"openfarm:solanum-citrullifolium:watermelon-nightshade:83513","Solanum citrullifolium","watermelon nightshade","solanum citrullifolium","watermelon nightshade"
"openfarm:nama-havardii:havard-fiddleleaf:59990","Nama havardii","Havard's fiddleleaf","nama havardii","havard fiddleleaf"
"openfarm:tibouchina:unknown:90035","Tibouchina","","tibouchina",""
"openfarm:muraltia-serpylloides:unknown:59489","Muraltia serpylloides","","muraltia serpylloides",""
"openfarm:lophozia-obtusa:unknown:54046","Lophozia obtusa","","lophozia obtusa",""
"openfarm:cycas-gracilis:unknown:26280","Cycas gracilis","","cycas gracilis",""
"openfarm:cereus-eriophorus:unknown:18357","Cereus eriophorus","","cereus eriophorus",""
"openfarm:anthochortus-laxiflorus:unknown:6513","Anthochortus laxiflorus","","anthochortus laxiflorus",""
"openfarm:thalassiosira-rudolfii:unknown:89222","Thalassiosira rudolfii","","thalassiosira rudolfii",""
"openfarm:luzula-piperi:piper-woodrush-smooth-woodrush:54880","Luzula piperi","Piper's woodrush, smooth woodrush","luzula piperi","piper woodrush smooth woodrush"
"openfarm:bryum-tenuisetum:bryum-moss:13920","Bryum tenuisetum","bryum moss","bryum tenuisetum","bryum moss"
"openfarm:koeleria-vurilochensis:unknown:49749","Koeleria vurilochensis","","koeleria vurilochensis",""
"openfarm:scutellaria-galericulata:unknown:81179","Scutellaria galericulata","","scutellaria galericulata",""
"openfarm:distictis-lactiflora:liana-fragante-wooly-panicum:30597","Distictis lactiflora","liana fragante, wooly panicum","distictis lactiflora","liana fragante wooly panicum"
"openfarm:acmadenia-tetracarpellata:unknown:1684","Acmadenia tetracarpellata","","acmadenia tetracarpellata",""
"openfarm:tetragonia-robusta-psiloptera:unknown:88926","Tetragonia robusta var. psiloptera","","tetragonia robusta",""
"openfarm:cannabis-sativa:unknown:15554","Cannabis sativa","","cannabis sativa",""
"openfarm:euphorbia-didiereoides:unknown:37202","Euphorbia didiereoides","","euphorbia didiereoides",""
"openfarm:senecio-incognitus:unknown:81962","Senecio incognitus","","senecio incognitus",""
"openfarm:phaeoceros-hallii:hall-phaeoceros:67829","Phaeoceros hallii","Hall's phaeoceros","phaeoceros hallii","hall phaeoceros"
"openfarm:cardiospermum-corindum:unknown:15865","Cardiospermum corindum","","cardiospermum corindum",""
"openfarm:zamia-inermis:unknown:95382","Zamia inermis","","zamia inermis",""
"openfarm:hordeum-marinum:unknown:45972","Hordeum marinum","","hordeum marinum",""
"openfarm:picea:spruce:69141","Picea","spruce","picea","spruce"
"openfarm:sonchus-asper:spiny-leaved-sow-thistle:84033","Sonchus asper","Spiny-leaved sow thistle","sonchus asper","spiny leaved sow thistle"
"openfarm:adiantum-oaxacanum:unknown:2199","Adiantum oaxacanum","","adiantum oaxacanum",""
"openfarm:watermelon:unknown:94492","Watermelon","","watermelon",""
"openfarm:nephrolesis-hirsutula:unknown:61074","Nephrolesis hirsutula","","nephrolesis hirsutula",""
"openfarm:holothri-micrantha:unknown:45809","Holothrix micrantha","","holothri micrantha",""
"openfarm:citrus-karna:unknown:20733","Citrus karna","","citrus karna",""
"openfarm:riccia-trachyglossum:unknown:76999","Riccia trachyglossum","","riccia trachyglossum",""
"openfarm:lewisia-nevadensis:nevada-bitter-root-nevada-lewisia-nevada-bitterroot:52271","Lewisia nevadensis","Nevada bitter-root, Nevada lewisia, Nevada bitterroot","lewisia nevadensis","nevada bitter root nevada lewisia nevada bitterroot"
"openfarm:aeollanthus-namibiensis:unknown:2364","Aeollanthus namibiensis","","aeollanthus namibiensis",""
"openfarm:vaccaria-hispanica:spanish-soapwort-cow-cockle-cow-herb-saponaria-espanha:92628","Vaccaria hispanica","Spanish soapwort, cow-cockle, Cow-herb, saponaria de Espanha","vaccaria hispanica","spanish soapwort cow cockle cow herb saponaria espanha"
"openfarm:erica-amoena:unknown:33628","Erica amoena","","erica amoena",""
"openfarm:asparagus-retrofractus:unknown:9247","Asparagus retrofractus","","asparagus retrofractus",""
"openfarm:serruria-foeniculacea:unknown:82355","Serruria foeniculacea","","serruria foeniculacea",""
"openfarm:hordeum-pusillum:unknown:45995","Hordeum pusillum","","hordeum pusillum",""
"openfarm:physocarpus-malvaceus:mallow-ninebark:69057","Physocarpus malvaceus","mallow ninebark","physocarpus malvaceus","mallow ninebark"
"openfarm:combretum-bracteosum:hiccup-nut-hiccough-nut-hikklimop:22320","Combretum bracteosum","Hiccup nut, hiccough nut, hikklimop","combretum bracteosum","hiccup nut hiccough nut hikklimop"
"openfarm:cerastium-regelii:regel-chickweed:18107","Cerastium regelii","Regel's chickweed","cerastium regelii","regel chickweed"
"openfarm:coccoloba-rugosa:ortegon:21812","Coccoloba rugosa","ortegon","coccoloba rugosa","ortegon"
"openfarm:dierama-dissimile:unknown:29426","Dierama dissimile","","dierama dissimile",""
"openfarm:piptochaetium-pringlei:pringle-speargrass-pringle-speargrass-pringle-spear-grass-pringle-needlegrass:69782","Piptochaetium pringlei","Pringle speargrass, Pringle's speargrass, Pringle's spear grass, pringle needlegrass","piptochaetium pringlei","pringle speargrass pringle speargrass pringle spear grass pringle needlegrass"
"openfarm:puccinellia-hultenii:hulten-alkaligrass:74310","Puccinellia hultenii","Hulten's alkaligrass","puccinellia hultenii","hulten alkaligrass"
"openfarm:phlo-nivalis-hentzii:hentz-phlox:68285","Phlox nivalis ssp. hentzii","Hentz's phlox","phlo nivalis","hentz phlox"
"openfarm:gyrosigma-acuminatum:unknown:42781","Gyrosigma acuminatum","","gyrosigma acuminatum",""
"openfarm:diphyscium-cumberlandianum:cumberland-diphyscium-moss:30135","Diphyscium cumberlandianum","Cumberland diphyscium moss","diphyscium cumberlandianum","cumberland diphyscium moss"
"openfarm:aloe-aristata:unknown:4304","Aloe aristata","","aloe aristata",""
"openfarm:populus-deltoides:eastern-cottonwood-cottonwood-eastern-poplar-yellow-cottonwood-water-poplar-necklace-poplar-peuplier-amerique-choupo-america:72119","Populus deltoides","eastern cottonwood, cottonwood, eastern poplar, yellow cottonwood, water poplar, necklace poplar, peuplier d'Amerique, choupo da America","populus deltoides","eastern cottonwood cottonwood eastern poplar yellow cottonwood water poplar necklace poplar peuplier amerique choupo america"
"openfarm:silene-campanulata-greenei:greene-catchfly:82894","Silene campanulata ssp. greenei","Greene's catchfly","silene campanulata","greene catchfly"
"openfarm:tephrosia-polystachya-polystachya:unknown:88635","Tephrosia polystachya var. polystachya","","tephrosia polystachya",""
"openfarm:cosmarium-logoense:unknown:23868","Cosmarium logoense","","cosmarium logoense",""
"openfarm:fraxinus-berlandierana:unknown:39370","Fraxinus berlandierana","","fraxinus berlandierana",""
"openfarm:prosopis-alba:unknown:72947","Prosopis alba","","prosopis alba",""
"openfarm:centaurium-sebaeoides:awiwi-lavaslope-centaury-awiwi:17754","Centaurium sebaeoides","awiwi, lavaslope centaury, `Awiwi","centaurium sebaeoides","awiwi lavaslope centaury awiwi"
"openfarm:acacia-luederitzii-retinens:belly-thorn-black-thorn-hook-thorn-rooi-wag-bietjie-swarthaak-swarthakiesdoring-blouhaak-haakdoring-buikdoring-mongana-moswana:652","Acacia luederitzii var. retinens","belly thorn, black thorn, hook thorn, rooi-wag- 'n-bietjie, swarthaak, swarthakiesdoring, blouhaak, haakdoring, buikdoring, mongana-moswana","acacia luederitzii","belly thorn black thorn hook thorn rooi wag bietjie swarthaak swarthakiesdoring blouhaak haakdoring buikdoring mongana moswana"
"openfarm:sophora-prostrata:unknown:84108","Sophora prostrata","","sophora prostrata",""
"openfarm:rhus-glauca:unknown:76424","Rhus glauca","","rhus glauca",""
"openfarm:impatiens:unknown:47302","Impatiens sp.","","impatiens",""
"openfarm:adhatoda-zeylanica:unknown:2100","Adhatoda zeylanica","","adhatoda zeylanica",""
"openfarm:titonia-tubaetormis:unknown:90185","Titonia tubaetormis","","titonia tubaetormis",""
"openfarm:tittmannia-laxa-langebergensis:unknown:90189","Tittmannia laxa var. langebergensis","","tittmannia laxa",""
"openfarm:sunquat:unknown:87266","Sunquat","","sunquat",""
"openfarm:anthospermum-dregei-dregei:unknown:6532","Anthospermum dregei ssp. dregei","","anthospermum dregei",""
"openfarm:haemanthus-deformis:unknown:42927","Haemanthus deformis","","haemanthus deformis",""
"openfarm:ruschia-clavellata:unknown:78303","Ruschia clavellata","","ruschia clavellata",""
"openfarm:periploca:unknown:67183","Periploca","","periploca",""
"openfarm:dubautia-knudsenii-filiformis:forest-dubautia:31470","Dubautia knudsenii ssp. filiformis","forest dubautia","dubautia knudsenii","forest dubautia"
"openfarm:cynodontium-strumiferum:cynodontium-moss:26820","Cynodontium strumiferum","cynodontium moss","cynodontium strumiferum","cynodontium moss"
"openfarm:agathosma-squamosa:unknown:2734","Agathosma squamosa","","agathosma squamosa",""
"openfarm:polemonium-liniflorum:unknown:71305","Polemonium liniflorum","","polemonium liniflorum",""
"openfarm:sutera-comptonii:unknown:87378","Sutera comptonii","","sutera comptonii",""
"openfarm:adelia-ricinella:wild-lime:1958","Adelia ricinella","wild lime","adelia ricinella","lime"
"openfarm:scytosiphon-lomentaria-lomentaria:unknown:81256","Scytosiphon lomentaria var. lomentaria","","scytosiphon lomentaria",""
"openfarm:gymnopogon-ambiguus:bearded-skeletongrass:42652","Gymnopogon ambiguus","bearded skeletongrass","gymnopogon ambiguus","bearded skeletongrass"
"openfarm:ceratium-concilians:unknown:18157","Ceratium concilians","","ceratium concilians",""
"openfarm:solanum-adscendens:sonoita-nightshade:83443","Solanum adscendens","sonoita nightshade","solanum adscendens","sonoita nightshade"
"openfarm:hygrohypnum-cochlearifolium:hygrohypnum-moss:46514","Hygrohypnum cochlearifolium","hygrohypnum moss","hygrohypnum cochlearifolium","hygrohypnum moss"
"openfarm:hyptis-americana:american-bushmint:47115","Hyptis americana","American bushmint","hyptis americana","american bushmint"
"openfarm:muraltia-barkerae:unknown:59396","Muraltia barkerae","","muraltia barkerae",""
"openfarm:eriocaulon-hydrophilum:unknown:34872","Eriocaulon hydrophilum","","eriocaulon hydrophilum",""
"openfarm:festuca-scabriuscula:unknown:38432","Festuca scabriuscula","","festuca scabriuscula",""
"openfarm:chromulina-globosa:unknown:19787","Chromulina globosa","","chromulina globosa",""
"openfarm:oedogonium-pungens:unknown:62313","Oedogonium pungens","","oedogonium pungens",""
"openfarm:otholobium-pungens:unknown:63739","Otholobium pungens","","otholobium pungens",""
"openfarm:helosis-cayennensis:unknown:44375","Helosis cayennensis","","helosis cayennensis",""
"openfarm:ribes-rubrum:redcurrant:76877","Ribes rubrum","redcurrant","ribes rubrum","redcurrant"
"openfarm:polysiphonia-scopulorum-villum:unknown:71962","Polysiphonia scopulorum var. villum","","polysiphonia scopulorum",""
"openfarm:crantzia-ambigua:unknown:24316","Crantzia ambigua","","crantzia ambigua",""
"openfarm:helenium-nudiflorum:unknown:43685","Helenium nudiflorum","","helenium nudiflorum",""
"openfarm:cosmarium-variolatum:unknown:24110","Cosmarium variolatum","","cosmarium variolatum",""
"openfarm:blumea-myriacephala:unknown:12419","Blumea myriacephala","","blumea myriacephala",""
"openfarm:garcinia-kola:bitter-kola:40070","Garcinia kola","bitter kola","garcinia kola","bitter kola"
"openfarm:ajwain-carom-seeds:unknown:3175","Ajwain, carom seeds (Trachyspermum ammi) (South Asia, India, Afghanistan,Iran, Egypt, Eritrea & Ethiopia)","","ajwain carom",""
"openfarm:dipentodon-sinicus:unknown:30129","Dipentodon sinicus","","dipentodon sinicus",""
"openfarm:symphyotrichum-fendleri:fendler-aster:87596","Symphyotrichum fendleri","Fendler's aster","symphyotrichum fendleri","fendler aster"
"openfarm:gethyllis-fimbriatula:unknown:40729","Gethyllis fimbriatula","","gethyllis fimbriatula",""
"openfarm:odonthalia-dentata:unknown:62105","Odonthalia dentata","","odonthalia dentata",""
"openfarm:polystachya-sandersonii:unknown:71984","Polystachya sandersonii","","polystachya sandersonii",""
"openfarm:hibiscus-sidiformis:unknown:45441","Hibiscus sidiformis","","hibiscus sidiformis",""
"openfarm:matelea-borinquensis:san-lorenzo-milkvine:56407","Matelea borinquensis","San Lorenzo milkvine","matelea borinquensis","san lorenzo milkvine"
"openfarm:erigeron-uncialis-uncialis:lone-fleabane-lone-daisy:34827","Erigeron uncialis ssp. uncialis","lone fleabane, lone daisy","erigeron uncialis","lone fleabane lone daisy"
"openfarm:cryptantha-paysonii:payson-cryptantha-payson-catseye:25461","Cryptantha paysonii","Payson's cryptantha, Payson's catseye","cryptantha paysonii","payson cryptantha payson catseye"
"openfarm:poblano:unknown:71093","Poblano","","poblano",""
"openfarm:stylisma-aquatica:water-dawnflower:87109","Stylisma aquatica","water dawnflower","stylisma aquatica","water dawnflower"
"openfarm:campylopodiella-stenocarpa:campylopodiella-moss:15425","Campylopodiella stenocarpa","campylopodiella moss","campylopodiella stenocarpa","campylopodiella moss"
"openfarm:cercocarpus-betuloides:birchleaf-mountainmahogany:18338","Cercocarpus betuloides","birchleaf mountainmahogany","cercocarpus betuloides","birchleaf mountainmahogany"
"openfarm:erythrina-oaxacana:unknown:35940","Erythrina oaxacana","","erythrina oaxacana",""
"openfarm:callitriche-heterophylla-bolanderi:bolander-water-starwort:14712","Callitriche heterophylla ssp. bolanderi","Bolander's water-starwort","callitriche heterophylla","bolander water starwort"
"openfarm:abutilon-piloso-cinereum:unknown:174","Abutilon piloso-cinereum","","abutilon piloso",""
"openfarm:solanum-torvum:unknown:83779","Solanum torvum","","solanum torvum",""
"openfarm:erica-rufescens:unknown:34303","Erica rufescens","","erica rufescens",""
"openfarm:sidalcea-diploscypha:fringed-checkerbloom:82748","Sidalcea diploscypha","fringed checkerbloom","sidalcea diploscypha","fringed checkerbloom"
"openfarm:tussilago-farfara:coltsfoot:92079","Tussilago farfara","Coltsfoot","tussilago farfara","coltsfoot"
"openfarm:nothofagus-solandri:unknown:61748","Nothofagus solandri","","nothofagus solandri",""
"openfarm:nemophila-pulchella-fremontii:fremont-baby-blue-eyes:60914","Nemophila pulchella var. fremontii","Fremont's baby blue eyes","nemophila pulchella","fremont baby blue eyes"
"openfarm:hesperantha-fibrosa:unknown:44891","Hesperantha fibrosa","","hesperantha fibrosa",""
"openfarm:lavrania-marlothii:unknown:51043","Lavrania marlothii","","lavrania marlothii",""
"openfarm:eriogonum-microthecum-microthecum:slender-buckwheat:35224","Eriogonum microthecum var. microthecum","slender buckwheat","eriogonum microthecum","slender buckwheat"
"openfarm:syncrypta-volvox:unknown:87784","Syncrypta volvox","","syncrypta volvox",""
"openfarm:quincula-lobata:chinese-lantern-chinese-lantern-purple-groundcherry-purpleflower-groundcherry:75094","Quincula lobata","Chinese lantern, Chinese-lantern, purple groundcherry, purpleflower groundcherry","quincula lobata","chinese lantern chinese lantern purple groundcherry purpleflower groundcherry"
"openfarm:dracophyllum:unknown:31107","Dracophyllum","","dracophyllum",""
"openfarm:gladiolus-vaginatus-subtilis:unknown:41164","Gladiolus vaginatus ssp. subtilis","","gladiolus vaginatus",""
"openfarm:salsola-robinsonii:unknown:79251","Salsola robinsonii","","salsola robinsonii",""
"openfarm:dioscorea-smilacifolia:unknown:29956","Dioscorea smilacifolia","","dioscorea smilacifolia",""
"openfarm:brassica-campestris-toria:unknown:13233","Brassica campestris var. toria","","brassica campestris",""
"openfarm:cheilanthes-alabamensis:alabama-lip-fern-alabama-lipfern:19101","Cheilanthes alabamensis","Alabama lip fern, Alabama lipfern","cheilanthes alabamensis","alabama lip fern alabama lipfern"
"openfarm:senecio-discodregeanus:unknown:81867","Senecio discodregeanus","","senecio discodregeanus",""
"openfarm:salvia-lanigera:unknown:79355","Salvia lanigera","","salvia lanigera",""
"openfarm:sutera-affinis:unknown:87359","Sutera affinis","","sutera affinis",""
"openfarm:dionysia-saponacea:unknown:29830","Dionysia saponacea","","dionysia saponacea",""
"openfarm:albizia-purpusii:unknown:3251","Albizia purpusii","","albizia purpusii",""
"openfarm:millettia:unknown:58043","Millettia sp.","","millettia",""
"openfarm:menodora-decemfida-longifolia:tenfinger-menodora:57082","Menodora decemfida var. longifolia","tenfinger menodora","menodora decemfida","tenfinger menodora"
"openfarm:sali-sericea:silky-willow:79088","Salix sericea","silky willow","sali sericea","silky willow"
"openfarm:herrania-kofanorum:unknown:44821","Herrania kofanorum","","herrania kofanorum",""
"openfarm:camissonia-exilis:cottonwood-springs-suncup:15255","Camissonia exilis","Cottonwood Springs suncup","camissonia exilis","cottonwood springs suncup"
"openfarm:clutia-hirsuta-robusta:unknown:21719","Clutia hirsuta var. robusta","","clutia hirsuta",""
"openfarm:vite-ferruginea:unknown:94060","Vitex ferruginea","","vite ferruginea",""
"openfarm:stichococcus-minutissimus:unknown:86456","Stichococcus minutissimus","","stichococcus minutissimus",""
"openfarm:plectranthus-reflexus:unknown:70520","Plectranthus reflexus","","plectranthus reflexus",""
"openfarm:machaeranthera-asteroides-asteroides:new-mexico-tansyaster:55246","Machaeranthera asteroides var. asteroides","New Mexico tansyaster","machaeranthera asteroides","new mexico tansyaster"
"openfarm:rhapidophyllum-hystrix:needle-palm:75902","Rhapidophyllum hystrix","needle palm","rhapidophyllum hystrix","needle palm"
"openfarm:pterocelastrus-rostratus:unknown:74051","Pterocelastrus rostratus","","pterocelastrus rostratus",""
"openfarm:bacopa-monnieri:water-hyssop-bacopa:11117","Bacopa monnieri","water hyssop, bacopa","bacopa monnieri","water hyssop bacopa"
"openfarm:alyssum-campestre:unknown:4725","Alyssum campestre","","alyssum campestre",""
"openfarm:disporum-hookeri:drops-gold:30513","Disporum hookeri","drops of gold","disporum hookeri","drops gold"
"openfarm:ageratina-aromatica-incisa:lesser-snakeroot:2833","Ageratina aromatica var. incisa","lesser snakeroot","ageratina aromatica","lesser snakeroot"
"openfarm:othonna-frutescens:unknown:63786","Othonna frutescens","","othonna frutescens",""
"openfarm:tylophora-indica:unknown:92138","Tylophora indica","","tylophora indica",""
"openfarm:helenium-polyphyllum:sneezeweed:43693","Helenium X polyphyllum","sneezeweed","helenium polyphyllum","sneezeweed"
"openfarm:impatiens-noli-tangere:unknown:47292","Impatiens noli-tangere","","impatiens noli",""
"openfarm:ursinia-pygmaea:unknown:92518","Ursinia pygmaea","","ursinia pygmaea",""
"openfarm:potentilla-rivalis:brook-cinquefoil-river-cinquefoil:72536","Potentilla rivalis","brook cinquefoil, river cinquefoil","potentilla rivalis","brook cinquefoil river cinquefoil"
"openfarm:thuidium-tamariscinum:tamarisk-thuidium-moss:89886","Thuidium tamariscinum","tamarisk thuidium moss","thuidium tamariscinum","tamarisk thuidium moss"
"openfarm:oenothera-californica-eurekensis:eurela-dunes-evening-primrose:62379","Oenothera californica ssp. eurekensis","Eurela Dunes evening-primrose","oenothera californica","eurela dunes evening primrose"
"openfarm:prunus-maximowiczii:unknown:73274","Prunus maximowiczii","","prunus maximowiczii",""
"openfarm:cirsium-turneri:cliff-thistle:20533","Cirsium turneri","cliff thistle","cirsium turneri","cliff thistle"
"openfarm:prismatocarpus-pilosus:unknown:72821","Prismatocarpus pilosus","","prismatocarpus pilosus",""
"openfarm:canthium-kuntzeanum:unknown:15589","Canthium kuntzeanum","","canthium kuntzeanum",""
"openfarm:elymus-mendocinus:unknown:32482","Elymus mendocinus","","elymus mendocinus",""
"openfarm:agoseris-apargioides-maritima:woolly-goat-chicory:2891","Agoseris apargioides var. maritima","woolly goat chicory","agoseris apargioides","woolly goat chicory"
"openfarm:ericameria-nauseosa-nitida:rubber-rabbitbrush:34516","Ericameria nauseosa var. nitida","rubber rabbitbrush","ericameria nauseosa","rubber rabbitbrush"
"openfarm:patrinia:unknown:65605","Patrinia","","patrinia",""
"openfarm:hermannia-stricta:unknown:44732","Hermannia stricta","","hermannia stricta",""
"openfarm:prunus-murrayana:murray-plum:73283","Prunus murrayana","Murray's plum","prunus murrayana","murray plum"
"openfarm:clappertinia-polyandra:unknown:20842","Clappertinia polyandra","","clappertinia polyandra",""
"openfarm:geum-triflorum-canescens:old-man-whiskers-old-man-whiskers-alpine-old-man-whiskers:40786","Geum triflorum var. canescens","old man's whiskers, old-man's-whiskers, alpine old man's whiskers","geum triflorum","old man whiskers old man whiskers alpine old man whiskers"
"openfarm:frullania-franciscana:unknown:39519","Frullania franciscana","","frullania franciscana",""
"openfarm:biddulphia-pulchella:unknown:12086","Biddulphia pulchella","","biddulphia pulchella",""
"openfarm:nerine-huttoniae:unknown:61113","Nerine huttoniae","","nerine huttoniae",""
"openfarm:desmidium-pseudostreptonema:unknown:28614","Desmidium pseudostreptonema","","desmidium pseudostreptonema",""
"openfarm:chara-braunii:unknown:18962","Chara braunii","","chara braunii",""
"openfarm:hyalotheca-mucosa:unknown:46316","Hyalotheca mucosa","","hyalotheca mucosa",""
"openfarm:orthotrichum-exiguum:orthotrichum-moss:63507","Orthotrichum exiguum","orthotrichum moss","orthotrichum exiguum","orthotrichum moss"
"openfarm:doryopteris:unknown:30846","Doryopteris","","doryopteris",""
"openfarm:mountain-papaya:unknown:59125","Mountain papaya","","mountain papaya",""
"openfarm:grammatophora-oceanica-subtilissima:unknown:42036","Grammatophora oceanica var. subtilissima","","grammatophora oceanica",""
"openfarm:lachnocaulon-digynum:pineland-bogbutton:50110","Lachnocaulon digynum","pineland bogbutton","lachnocaulon digynum","pineland bogbutton"
"openfarm:penstemon-laricifolius-exilifolius:larchleaf-beardtongue:66646","Penstemon laricifolius ssp. exilifolius","larchleaf beardtongue","penstemon laricifolius","larchleaf beardtongue"
"openfarm:zygophyllum-microphyllum:unknown:95796","Zygophyllum microphyllum","","zygophyllum microphyllum",""
"openfarm:osteospermum-attenuatum:unknown:63642","Osteospermum attenuatum","","osteospermum attenuatum",""
"openfarm:grewia-sulcata:unknown:42200","Grewia sulcata","","grewia sulcata",""
"openfarm:erigeron-foliosus-foliosus:leafy-fleabane:34668","Erigeron foliosus var. foliosus","leafy fleabane","erigeron foliosus","leafy fleabane"
"openfarm:aristotelia-chilensis:unknown:8117","Aristotelia chilensis","","aristotelia chilensis",""
"openfarm:arthrodesmus-octocornis-octocornis:unknown:8418","Arthrodesmus octocornis var. octocornis","","arthrodesmus octocornis",""
"openfarm:acroceras-oryzoides:unknown:1779","Acroceras oryzoides","","acroceras oryzoides",""
"openfarm:cirsium-ownbeyi:ownbey-thistle:20488","Cirsium ownbeyi","Ownbey's thistle","cirsium ownbeyi","ownbey thistle"
"openfarm:unknown:sorghum:96057","","sorghum","","sorghum"
"openfarm:acalypha-ostryaefolia:hophornbeam-copperleaf:1155","Acalypha ostryaefolia","hophornbeam copperleaf","acalypha ostryaefolia","hophornbeam copperleaf"
"openfarm:cissus-rhombifolia:unknown:20597","Cissus rhombifolia","","cissus rhombifolia",""
"openfarm:schizachyrium-spadiceum:honey-bluestem:80501","Schizachyrium spadiceum","honey bluestem","schizachyrium spadiceum","honey bluestem"
"openfarm:cordyline-petiolaris:unknown:23224","Cordyline petiolaris","","cordyline petiolaris",""
"openfarm:rubus-apetalus:unknown:77599","Rubus apetalus","","rubus apetalus",""
"openfarm:moringa-oleifera:morunga-suhujna-sahajan-munga-kalan-shiferaw-meelsakboom-mzunze-ewe-igbale-zogallagandi:59030","Moringa oleifera","morunga, suhujna, sahajan, munga, Kalan'gi (Hamer-Bena), Shiferaw (Amargna), meelsakboom, mzunze, ewe-igbale, zogallagandi","moringa oleifera","morunga suhujna sahajan munga kalan shiferaw meelsakboom mzunze ewe igbale zogallagandi"
"openfarm:prunus-mahaleb:mahaleb-cherry-mahlep-wild-cherry-perfumed-cherry-lucie-cherry-cereja-perfumada:73266","Prunus mahaleb","Mahaleb cherry, Mahlep, wild cherry, perfumed cherry, St. Lucie cherry, cereja perfumada","prunus mahaleb","mahaleb cherry mahlep cherry perfumed cherry lucie cherry cereja perfumada"
"openfarm:rudbeckia-californica-californica:california-coneflower:77977","Rudbeckia californica var. californica","California coneflower","rudbeckia californica","california coneflower"
"openfarm:arundinella-brasiliensis:unknown:8572","Arundinella brasiliensis","","arundinella brasiliensis",""
"openfarm:juncus-bufonius-occidentalis:toad-rush:48994","Juncus bufonius var. occidentalis","toad rush","juncus bufonius","toad rush"
"openfarm:astomiopsis-amblyocalyx:unknown:9660","Astomiopsis amblyocalyx","","astomiopsis amblyocalyx",""
"openfarm:arctotis-microcephala:unknown:7460","Arctotis microcephala","","arctotis microcephala",""
"openfarm:navicula-transitans-transitans:unknown:60641","Navicula transitans var. transitans","","navicula transitans",""
"openfarm:pandanus-antaresensis:unknown:64713","Pandanus antaresensis","","pandanus antaresensis",""
"openfarm:metzgeria-crassipilis:unknown:57617","Metzgeria crassipilis","","metzgeria crassipilis",""
"openfarm:care-castanea:chestnut-sedge:16021","Carex castanea","chestnut sedge","care castanea","chestnut sedge"
"openfarm:dionysia-microphylla:unknown:29825","Dionysia microphylla","","dionysia microphylla",""
"openfarm:draba-kassii:kass-draba:30992","Draba kassii","Kass' draba","draba kassii","kass draba"
"openfarm:cyathula-orthacantha:unknown:26217","Cyathula orthacantha","","cyathula orthacantha",""
"openfarm:astragalus-kentrophyta-danaus:spiny-milkvetch:9961","Astragalus kentrophyta var. danaus","spiny milkvetch","astragalus kentrophyta","spiny milkvetch"
"openfarm:bensoniella-oregana:oregon-bensoniella:11725","Bensoniella oregana","Oregon bensoniella","bensoniella oregana","oregon bensoniella"
"openfarm:alepidea-gracilis:unknown:3442","Alepidea gracilis","","alepidea gracilis",""
"openfarm:aloe-kilifiensis:unknown:4383","Aloe kilifiensis","","aloe kilifiensis",""
"openfarm:derepyxis-urecolata:unknown:28462","Derepyxis urecolata","","derepyxis urecolata",""
